{
  "message": [
    {
      "id": 3,
      "name": "트라이 호텔",
      "address": "서울특별시 강남구 일원본동 246-13"
    },
    {
      "id": 4,
      "name": "호텔스카이워크 1호점",
      "address": "서울특별시 강남구 일원본동 716-3"
    },
    {
      "id": 5,
      "name": "라이넷 호텔 강남",
      "address": "서울특별시 강남구 수서동 738-1"
    },
    {
      "id": 6,
      "name": "브랙스 호텔(Brecks) ",
      "address": "서울특별시 강남구 율현동 244-3"
    },
    {
      "id": 7,
      "name": "가리드 인 호텔(GARID INN)",
      "address": "서울특별시 강남구 세곡동 410-8"
    },
    {
      "id": 9,
      "name": "모모 호텔",
      "address": "서울특별시 강남구 세곡동 474-17"
    },
    {
      "id": 10,
      "name": "비오비타 호텔",
      "address": "서울특별시 강남구 자곡로 152"
    },
    {
      "id": 11,
      "name": "소소모 호텔",
      "address": "서울특별시 강남구 신사동 도산대로25길 36"
    },
    {
      "id": 12,
      "name": "에비뉴 호텔",
      "address": "서울특별시 강남구 신사동 561"
    },
    {
      "id": 13,
      "name": "부티크 호텔",
      "address": "서울특별시 강남구 신사동 600-10"
    },
    {
      "id": 14,
      "name": "에이스 호텔",
      "address": "서울특별시 강남구 논현2동 74-6"
    },
    {
      "id": 15,
      "name": "호텔 리안",
      "address": "서울특별시 강남구 논현2동 77-29"
    },
    {
      "id": 16,
      "name": "호텔 레프트(Hotel Left)",
      "address": "서울특별시 강남구 논현로132길"
    },
    {
      "id": 17,
      "name": "베니치아 호텔",
      "address": "서울특별시 강남구 논현로120길 7 원일빌딩"
    },
    {
      "id": 18,
      "name": "포레스트 호텔",
      "address": "서울특별시 압구정동 55 압구정현대4차아파트"
    },
    {
      "id": 19,
      "name": "선릉 스테이션 호텔",
      "address": "서울특별시 강남구 도산대로49길 3"
    },
    {
      "id": 20,
      "name": "호텔 인피니트",
      "address": "서울특별시 강남구 봉은사로43길"
    },
    {
      "id": 22,
      "name": "충무로 잠수 호텔",
      "address": "서울특별시 중구 회현동 100-177"
    },
    {
      "id": 23,
      "name": "비퍼스트호텔 명동",
      "address": "서울특별시 중구 회현동1가 100-48"
    },
    {
      "id": 24,
      "name": "크레프트 호텔 명동",
      "address": "서울특별시 중구 명동 6-1"
    },
    {
      "id": 27,
      "name": "굿스테이 호텔",
      "address": "서울특별시 중구 장충동2가 173-6번지"
    },
    {
      "id": 28,
      "name": "호텔 나잇 아워즈",
      "address": "서울특별시 중구 퇴계로41길"
    },
    {
      "id": 31,
      "name": "호텔 데님 서울",
      "address": "서울특별시 서초구 방배1동 905-33"
    },
    {
      "id": 34,
      "name": "노블리스 호텔 ",
      "address": "서울특별시 서초구 양재2동 222"
    },
    {
      "id": 35,
      "name": "베스트노스 호텔",
      "address": "서울특별시 서초구 원지동 산66"
    },
    {
      "id": 36,
      "name": "호텔 젠트라 서초",
      "address": "서울특별시 서초구 내곡동 1-362"
    },
    {
      "id": 37,
      "name": "프라이빗 호텔",
      "address": "서울특별시 서초구 내곡동 1-647"
    },
    {
      "id": 38,
      "name": "호텔 아이디어",
      "address": "서울특별시 서초구 원지동 산4-38"
    },
    {
      "id": 39,
      "name": "글래드 호텔",
      "address": "서울특별시 영등포구 여의도동 18-2번지"
    },
    {
      "id": 40,
      "name": "호텔 큐브",
      "address": "서울특별시 영등포구 여의도동 아일렉스"
    },
    {
      "id": 41,
      "name": "호텔 산화",
      "address": "서울특별시 영등포구 영신로10길"
    },
    {
      "id": 42,
      "name": "시티호텔 영등포",
      "address": "서울특별시 영등포구 의사당대로 1"
    },
    {
      "id": 43,
      "name": "호텔 보스",
      "address": "서울특별시 종로구 서린동 127-4"
    },
    {
      "id": 44,
      "name": "빌리지 부기스 바이 호텔",
      "address": "서울특별시 종로구 송현동 49-17"
    },
    {
      "id": 46,
      "name": "버터릿 트넛 호텔",
      "address": "서울특별시 종로구 혜화동 1-9"
    },
    {
      "id": 47,
      "name": "호텔 라벤더",
      "address": "서울특별시 종로구 명륜3가동 산2-1"
    },
    {
      "id": 48,
      "name": "싱가포르 호텔",
      "address": "서울특별시 종로구 청운효자동 산2-4"
    },
    {
      "id": 49,
      "name": "페닌슐라 호텔",
      "address": "서울특별시 마포구 성산2동 360-3"
    },
    {
      "id": 51,
      "name": "칼튼 호텔 마포",
      "address": "서울특별시 마포구 성산1동 245-47"
    },
    {
      "id": 52,
      "name": "만다린 호텔 마포",
      "address": "서울특별시 마포구 망원1동 223-1"
    },
    {
      "id": 53,
      "name": "호텔 오리엔탈 ",
      "address": "서울특별시 마포구 합정동 413-11"
    },
    {
      "id": 54,
      "name": "더 키 호텔 ",
      "address": "서울특별시 마포구 잔다리로 32 서문빌딩"
    },
    {
      "id": 57,
      "name": "데이즈 호텔 바이 마포",
      "address": "서울특별시 마포구 현석동"
    },
    {
      "id": 58,
      "name": "리프 푸난 호텔",
      "address": "서울특별시 마포구 토정로33길"
    },
    {
      "id": 59,
      "name": "파리마 호텔",
      "address": "서울특별시 마포구 염리동 147-6"
    },
    {
      "id": 60,
      "name": "인포스트 센토마 호텔",
      "address": "서울특별시 마포구 공덕동 135-12"
    }
  ]
}
